,root_mean_squared1,root_mean_squared2,root_mean_squared3,root_mean_squared4,iemg1,iemg2,iemg3,iemg4,mean_absolute_value1,mean_absolute_value2,mean_absolute_value3,mean_absolute_value4,variance1,variance2,variance3,variance4,wave_form_length1,wave_form_length2,wave_form_length3,wave_form_length4,mean1,mean2,mean3,mean4,median1,median2,median3,median4,skewness1,skewness2,skewness3,skewness4,kurt1,kurt2,kurt3,kurt4,label
0,3379.2437,3411.863,3406.6392,3409.9668,195996.0,197888.0,197585.0,197778.0,3379.2415,3411.862,3406.638,3409.9656,14.73484,6.6361475,7.8516645,8.447087,68.0,76.0,77.0,75.0,3379.2415,3411.862,3406.638,3409.9656,3379.0,3412.0,3407.0,3410.0,-0.12067293,0.1043139,-0.09216168,-0.024861986,-0.7020657,-1.1618311,-0.5317564,-0.90028715,0
1,3391.812,3408.4663,3412.9492,3413.2078,196725.0,197691.0,197951.0,197966.0,3391.8103,3408.4656,3412.9482,3413.2068,10.601962,4.7315693,5.876634,7.095125,76.0,56.0,64.0,72.0,3391.8103,3408.4656,3412.9482,3413.2068,3392.0,3408.0,3413.0,3413.5,-0.6366309,0.2577168,-0.15741603,0.002004233,0.9367707,-0.615031,-0.91684914,-0.74554014,1
2,3413.3484,3411.294,3412.173,3413.8281,197974.0,197855.0,197906.0,198002.0,3413.3447,3411.2932,3412.1724,3413.8276,24.053509,5.4140897,5.521998,4.901308,64.0,70.0,58.0,66.0,3413.3447,3411.2932,3412.1724,3413.8276,3413.5,3411.0,3412.5,3414.0,0.06618263,-0.028306084,-0.4303781,0.0465451,-1.0157415,-1.4819605,-0.9462545,-1.076921,2
3,3406.1406,3411.8113,3415.8284,3410.8625,197555.0,197885.0,198118.0,197830.0,3406.1206,3411.8103,3415.8276,3410.862,135.51991,4.7743754,4.280618,4.2568374,81.0,60.0,63.0,61.0,3406.1206,3411.8103,3415.8276,3410.862,3407.0,3412.0,3416.0,3411.0,-0.5065334,-0.114061885,-0.11937885,0.11449267,-0.9426291,-0.8225627,-1.0622282,-1.0704327,0
4,3390.087,3409.3113,3410.208,3463.3538,196625.0,197740.0,197792.0,200873.0,3390.0862,3409.3103,3410.2068,3463.3276,4.2167063,7.2140303,6.8882284,181.35822,52.0,54.0,55.0,78.0,3390.0862,3409.3103,3410.2068,3463.3276,3390.5,3409.0,3410.0,3467.5,-0.28328454,-0.059830487,0.15797168,-0.81244963,-0.7705841,-0.88858795,-0.85230565,-0.6446419,1
5,3398.1394,3414.6729,3413.397,3440.1553,197092.0,198051.0,197977.0,199527.0,3398.138,3414.6724,3413.3965,3440.1206,9.980976,3.254756,2.9634364,238.41647,60.0,55.0,54.0,93.0,3398.138,3414.6724,3413.3965,3440.1206,3398.0,3415.0,3414.0,3437.5,0.4244596,-0.033506636,-0.1590462,0.028642448,-0.35588622,-0.9138169,-0.7224412,-1.0548401,2
6,3397.432,3416.0525,3408.3457,3410.8625,197051.0,198131.0,197684.0,197830.0,3397.4312,3416.0518,3408.3447,3410.862,6.900416,4.876634,6.0190244,3.1189065,64.0,66.0,67.0,69.0,3397.4312,3416.0518,3408.3447,3410.862,3398.0,3416.0,3408.0,3411.0,-0.38172203,-0.12315911,0.061398055,0.021944096,-0.65119624,-0.76820755,-0.8709216,-0.75044966,0
7,3368.7595,3410.5872,3410.6904,3417.5183,195388.0,197814.0,197820.0,198216.0,3368.7585,3410.5862,3410.6897,3417.5173,6.183115,5.5184298,4.5243754,8.353151,63.0,65.0,67.0,58.0,3368.7585,3410.5862,3410.6897,3417.5173,3369.0,3410.5,3411.0,3418.0,-0.026254147,-0.23213576,-0.08596532,-0.70983684,-0.8741951,-0.81318307,-0.85025597,0.7061584,1
8,3399.708,3408.3801,3408.587,3411.6902,197183.0,197686.0,197698.0,197878.0,3399.7068,3408.3794,3408.5862,3411.6897,5.7244353,5.7526755,4.5873957,4.972651,68.0,54.0,53.0,72.0,3399.7068,3408.3794,3408.5862,3411.6897,3400.0,3408.0,3409.0,3412.0,-0.2712618,0.22376874,0.19727597,-0.09294867,-0.065906286,-0.52586365,-0.65435433,-0.6874335,2
9,3395.156,3412.466,3410.087,3411.3975,196919.0,197923.0,197785.0,197861.0,3395.1553,3412.4656,3410.0862,3411.3965,5.7862654,4.11088,4.00981,6.7220573,65.0,65.0,63.0,63.0,3395.1553,3412.4656,3410.0862,3411.3965,3395.0,3412.5,3410.0,3412.0,-0.1307443,0.13678512,0.16498175,-0.6829585,-0.83408284,-0.7523756,-1.0396421,-0.020479918,0
10,3408.588,3407.8972,3407.621,3389.1758,197698.0,197658.0,197642.0,196572.0,3408.5862,3407.8965,3407.6206,3389.1724,12.3805,4.8168845,3.3733647,22.487513,68.0,59.0,52.0,64.0,3408.5862,3407.8965,3407.6206,3389.1724,3409.0,3407.5,3407.5,3389.0,-0.6144402,0.25902423,0.25005063,0.25921965,0.14090228,-0.5895791,-0.72401285,-0.8768413,1
11,3408.9487,3409.1384,3409.2764,3407.1045,197719.0,197730.0,197738.0,197612.0,3408.9482,3409.138,3409.276,3407.1035,3.8766348,3.2223542,3.2342448,6.816885,58.0,54.0,59.0,69.0,3408.9482,3409.138,3409.276,3407.1035,3409.0,3409.0,3409.0,3407.0,0.19408238,0.4545699,-0.060680386,-0.6130453,-0.6192341,-0.6114521,-1.0079243,0.11978316,2
12,3402.725,3410.2249,3410.518,3407.901,197358.0,197793.0,197810.0,197658.0,3402.724,3410.224,3410.5173,3407.8965,7.1997623,4.3807964,5.525565,30.678953,66.0,60.0,61.0,96.0,3402.724,3410.224,3410.5173,3407.8965,3403.0,3410.0,3411.0,3408.0,0.081060834,-0.15135314,-0.08948908,-0.33476523,-0.6946113,-1.2315731,-1.0728323,-0.080767155,0
13,3379.2942,3415.449,3409.4146,3411.6904,195999.0,198096.0,197746.0,197878.0,3379.2932,3415.4482,3409.4138,3411.6897,8.103746,4.454221,5.4839473,5.0416164,68.0,57.0,62.0,58.0,3379.2932,3415.4482,3409.4138,3411.6897,3379.0,3415.0,3409.5,3411.0,0.20933765,0.62243,-0.17315972,0.00600702,-1.1507505,-0.61564803,-1.2336568,-1.2978176,1
14,3417.9172,3409.6213,3412.2246,3415.259,198239.0,197758.0,197909.0,198085.0,3417.9138,3409.6206,3412.224,3415.2585,24.21671,4.68371,4.242866,4.6744943,65.0,62.0,54.0,65.0,3417.9138,3409.6206,3412.224,3415.2585,3417.0,3410.0,3412.5,3415.0,0.4389761,0.13668478,-0.26654977,0.064325236,-0.5519414,-1.0869026,-0.98123574,-0.7693596,2
15,3390.294,3408.3281,3408.1902,3411.2593,196637.0,197683.0,197675.0,197853.0,3390.2932,3408.3276,3408.1897,3411.2585,6.758918,4.116825,3.6709273,5.605529,72.0,57.0,64.0,69.0,3390.2932,3408.3276,3408.1897,3411.2585,3391.0,3408.5,3408.0,3411.0,-0.34076387,0.1326504,0.40554652,0.0647242,-0.34992266,-1.0769868,-0.82568765,-1.1943117,0
16,3369.6401,3380.4836,3426.0525,3412.104,195439.0,196067.0,198711.0,197902.0,3369.638,3380.4656,3426.0518,3412.1035,14.748218,121.69709,5.635255,3.6444707,74.0,72.0,67.0,55.0,3369.638,3380.4656,3426.0518,3412.1035,3370.0,3376.0,3426.0,3412.0,-0.18481834,0.53263813,0.008044584,-0.4007285,-0.7936847,-1.1135689,-0.8258569,-0.7707207,1
17,3405.8633,3412.2766,3408.4316,3411.087,197540.0,197912.0,197689.0,197843.0,3405.862,3412.276,3408.4312,3411.0862,8.498218,5.3721757,3.9348989,5.5960164,53.0,54.0,56.0,54.0,3405.862,3412.276,3408.4312,3411.0862,3406.0,3412.0,3408.0,3411.0,0.23670901,-0.16214192,0.22786143,0.12379207,-0.5301962,-1.0915204,-0.799047,-1.0566092,2
18,3385.2773,3412.0178,3413.4663,3406.4663,196346.0,197897.0,197981.0,197575.0,3385.276,3412.0173,3413.4656,3406.4656,9.579072,5.844531,6.1453624,5.7660522,75.0,67.0,68.0,61.0,3385.276,3412.0173,3413.4656,3406.4656,3386.0,3412.0,3413.5,3407.0,-0.39489624,-0.071540676,0.06486232,0.19181664,-0.3778119,-1.0766894,-0.27173662,-0.046974182,0
19,3359.6768,3420.4148,3412.0696,3427.8997,194861.0,198384.0,197900.0,198818.0,3359.6724,3420.4138,3412.0688,3427.8965,28.634066,6.380499,4.409037,22.058262,60.0,63.0,60.0,75.0,3359.6724,3420.4138,3412.0688,3427.8965,3360.0,3421.0,3412.0,3427.0,-0.07815594,-0.4060131,0.15487678,0.22190456,-1.0072995,-0.94585586,-1.2245425,-0.70007753,1
20,3391.966,3412.0525,3412.7092,3394.4849,196734.0,197899.0,197937.0,196880.0,3391.9656,3412.0518,3412.7068,3394.4827,4.24019,5.1524963,18.241678,13.594531,51.0,62.0,61.0,62.0,3391.9656,3412.0518,3412.7068,3394.4827,3392.0,3412.0,3412.0,3394.0,0.1528393,-0.0020795169,0.26226607,0.15126358,-0.46555114,-0.82147336,-1.0042089,-0.8349123,2
21,3390.6218,3408.3284,3397.2126,3424.6729,196656.0,197683.0,197038.0,198631.0,3390.6206,3408.3276,3397.2068,3424.6724,7.0630207,4.4961357,38.43995,3.7719975,57.0,61.0,60.0,60.0,3390.6206,3408.3276,3397.2068,3424.6724,3391.0,3408.0,3398.0,3425.0,-0.5148937,0.33753732,0.07613253,0.16963112,-0.13683414,-0.59675145,-1.0520829,-0.9085834,0
22,3366.8682,3413.8281,3409.6213,3415.9146,195278.0,198002.0,197758.0,198123.0,3366.862,3413.8276,3409.6206,3415.9138,40.463734,5.315101,4.649227,6.1822224,67.0,71.0,56.0,65.0,3366.862,3413.8276,3409.6206,3415.9138,3367.0,3413.0,3410.0,3416.0,0.075380184,0.21908028,0.1342932,-0.30537507,-1.044137,-0.6916039,-0.92738724,-0.10515094,1
23,3415.127,3410.38,3407.742,3409.5696,198077.0,197802.0,197649.0,197755.0,3415.1206,3410.3794,3407.7415,3409.5688,42.933712,3.8561232,3.1572535,5.6245537,57.0,68.0,52.0,69.0,3415.1206,3410.3794,3407.7415,3409.5688,3414.5,3410.5,3407.5,3409.0,-0.03788086,0.064377494,-0.030616293,0.053771295,-1.27076,-1.1694609,-1.2651931,-0.504509,2
24,3389.8281,3412.346,3410.518,3408.3625,196610.0,197916.0,197810.0,197685.0,3389.8276,3412.3447,3410.5173,3408.362,4.901308,7.9845414,5.973841,3.3344233,58.0,75.0,66.0,50.0,3389.8276,3412.3447,3410.5173,3408.362,3390.0,3412.0,3411.0,3408.0,0.01794439,0.4269409,-0.14142706,0.034498796,-0.88774014,-0.0487895,-1.0513866,-1.2411115,0
25,3371.6755,3410.3972,3409.897,3392.2844,195557.0,197803.0,197774.0,196750.0,3371.6724,3410.3965,3409.8965,3392.2415,21.978893,4.8255053,3.920333,292.73483,58.0,60.0,60.0,71.0,3371.6724,3410.3965,3409.8965,3392.2415,3373.0,3410.5,3410.0,3386.0,-0.4949454,-0.0024725713,0.43685699,0.36965954,-0.66227627,-1.1503996,-0.6499834,-1.4311152,1
26,3415.4866,3409.794,3412.4834,3410.087,198098.0,197768.0,197924.0,197785.0,3415.4827,3409.7932,3412.4827,3410.0862,25.697977,4.9571934,4.318669,4.3546376,62.0,65.0,53.0,59.0,3415.4827,3409.7932,3412.4827,3410.0862,3414.5,3410.0,3412.0,3410.0,0.42315683,-0.123598725,0.013017056,-0.034792546,-0.8426249,-0.9662354,-1.0534885,-0.9742055,2
27,3398.6052,3415.4834,3409.4146,3413.3975,197119.0,198098.0,197746.0,197977.0,3398.6035,3415.4827,3409.4138,3413.3965,9.997921,4.6634965,4.966706,5.5151606,60.0,67.0,57.0,78.0,3398.6035,3415.4827,3409.4138,3413.3965,3398.0,3415.0,3410.0,3414.0,0.34269938,0.0031088446,0.3337509,-0.25704736,-0.70367336,-0.6825168,-0.7147374,-0.92079854,0
28,3386.1743,3415.9314,3410.3284,3414.466,196398.0,198124.0,197799.0,198039.0,3386.1724,3415.9312,3410.3276,3414.4656,13.625446,3.5124853,4.978894,3.2832937,65.0,58.0,69.0,65.0,3386.1724,3415.9312,3410.3276,3414.4656,3387.0,3416.0,3410.0,3415.0,-1.0129656,0.25692424,0.4890453,-0.29221576,0.6286104,-1.0082961,-0.7831459,-0.318815,1
29,3472.2126,3403.9663,3408.5696,3414.1213,201387.0,197430.0,197697.0,198019.0,3472.1897,3403.9656,3408.5688,3414.1206,160.18817,4.9298453,3.6935198,4.450951,76.0,58.0,64.0,71.0,3472.1897,3403.9656,3408.5688,3414.1206,3473.0,3404.0,3409.0,3414.0,0.11835292,-0.11730003,0.12808728,-0.015619049,-1.1244016,-0.87335277,-0.9336152,-0.48261952,2
30,3410.1558,3410.7937,3409.622,3408.0354,197789.0,197826.0,197758.0,197666.0,3410.1553,3410.7932,3409.6206,3408.0344,5.8897142,5.5434003,8.718193,5.3781214,60.0,74.0,65.0,63.0,3410.1553,3410.7932,3409.6206,3408.0344,3410.0,3411.0,3409.0,3408.0,0.17328419,0.08979013,-0.06517384,0.09093827,-1.2463124,-0.974736,-0.38943243,-0.96094537,0
31,3377.2778,3406.7078,3396.6062,3414.4683,195882.0,197589.0,197003.0,198039.0,3377.276,3406.7068,3396.6035,3414.4656,13.613557,5.4140897,18.928951,18.283293,75.0,66.0,85.0,74.0,3377.276,3406.7068,3396.6035,3414.4656,3377.0,3406.5,3397.0,3415.0,-0.13273881,0.26644647,-0.484343,-0.5416467,-0.16256261,-0.8325486,0.27408051,-0.12108445,1
32,3409.1904,3414.5183,3405.432,3403.001,197733.0,198042.0,197515.0,197374.0,3409.1897,3414.5173,3405.4312,3403.0,5.360582,7.1807375,6.038347,6.724138,65.0,74.0,67.0,67.0,3409.1897,3414.5173,3405.4312,3403.0,3409.0,3414.5,3406.0,3403.0,0.12733907,-0.075631596,-0.3214528,0.12459128,-1.0870695,-0.9517095,-0.8600662,-1.0895462,2
33,3387.0364,3410.7593,3414.863,3403.708,196448.0,197824.0,198062.0,197415.0,3387.0344,3410.7585,3414.862,3403.7068,13.171224,5.5279427,6.4637337,9.0347805,72.0,61.0,63.0,57.0,3387.0344,3410.7585,3414.862,3403.7068,3387.0,3411.0,3415.0,3404.0,0.14755985,0.0358996,-0.21057801,0.050413936,-0.33626652,-0.82112074,-0.7590101,-0.6369891,0
34,3368.1743,3389.3445,3413.0698,3413.8625,195354.0,196580.0,197958.0,198004.0,3368.1724,3389.3103,3413.0688,3413.862,12.935791,231.21407,4.3055887,4.0844235,62.0,74.0,65.0,69.0,3368.1724,3389.3103,3413.0688,3413.862,3369.0,3382.0,3414.0,3414.0,-0.0667998,0.6455648,-0.2076474,-0.28785545,-0.39748406,-1.0789088,-1.1394063,-0.42979574,1
35,3423.9841,3405.5005,3412.1213,3414.4316,198591.0,197519.0,197903.0,198037.0,3423.9827,3405.5,3412.1206,3414.4312,10.258323,3.525862,3.8992267,3.5555887,56.0,66.0,62.0,63.0,3423.9827,3405.5,3412.1206,3414.4312,3424.0,3406.0,3412.0,3414.0,0.32426804,-0.42969272,-0.07373564,0.18416099,-0.23753548,-0.90493226,-0.8282263,-0.6522546,2
36,3427.5002,3376.89,3470.6965,3584.6555,198795.0,195859.0,201293.0,207905.0,3427.5,3376.8794,3470.5688,3584.5688,2.25,71.51992,884.8315,621.4521,49.0,43.0,98.0,166.0,3427.5,3376.8794,3470.5688,3584.5688,3428.0,3376.0,3469.5,3580.5,-0.21455938,0.43151832,0.0050427346,0.22056265,-1.0191572,-0.4570155,-1.3131553,-1.4384396,0
37,3389.0037,3411.0005,3491.351,3414.7415,196562.0,197838.0,202494.0,198055.0,3389.0,3411.0,3491.276,3414.7415,26.137932,2.9310346,526.1653,0.9848394,54.0,41.0,102.0,41.0,3389.0,3411.0,3491.276,3414.7415,3392.0,3411.0,3503.5,3415.0,-0.85464454,-0.49476966,-1.360871,0.322973,-0.64199996,-0.202353,0.70893,-0.2844081,1
38,3432.8623,3406.2417,3422.902,3415.5173,199106.0,197562.0,198528.0,198100.0,3432.862,3406.2415,3422.8965,3415.5173,2.7395961,0.97621876,36.50654,1.6634957,52.0,34.0,55.0,47.0,3432.862,3406.2415,3422.8965,3415.5173,3433.0,3406.0,3423.0,3416.0,-0.19046867,-0.4974629,0.22446129,-0.44814792,-0.53234863,-0.4875152,-0.98708224,-0.18179679,2
39,3310.865,3424.9832,3425.5012,3424.5376,192028.0,198649.0,198679.0,198623.0,3310.8276,3424.9827,3425.5,3424.5344,248.1082,4.430737,8.801724,20.421225,81.0,39.0,48.0,52.0,3310.8276,3424.9827,3425.5,3424.5344,3308.5,3425.0,3425.5,3424.5,0.33573973,-1.1085259,-0.27731264,0.06075366,-1.0993268,1.3411741,-0.6614802,-0.8638818,0
40,3408.5947,3403.0005,3393.123,3402.0178,197698.0,197374.0,196801.0,197317.0,3408.5862,3403.0,3393.1206,3402.0173,58.41498,2.689655,16.416468,2.9134958,48.0,49.0,37.0,50.0,3408.5862,3403.0,3393.1206,3402.0173,3410.5,3403.0,3393.0,3402.0,-0.48363778,-0.586298,-0.0035271535,0.26422587,-1.1002405,-0.082839966,-1.0691952,-0.6694293,1
41,3409.345,3401.7412,3463.2947,3412.4895,197742.0,197301.0,200871.0,197924.0,3409.3447,3401.7415,3463.2932,3412.4827,0.7086801,1.1227707,10.931333,46.525566,40.0,79.0,73.0,61.0,3409.3447,3401.7415,3463.2932,3412.4827,3409.0,3402.0,3464.0,3414.5,0.49457958,0.26829678,-1.6840599,-0.74506855,-0.31285095,-0.67808414,3.266058,-0.5283015,2
42,3308.781,3428.9836,3426.0876,3421.6553,191909.0,198881.0,198713.0,198456.0,3308.776,3428.9827,3426.0862,3421.6553,32.89804,5.6376343,8.733947,1.605232,45.0,59.0,49.0,46.0,3308.776,3428.9827,3426.0862,3421.6553,3309.0,3429.0,3427.0,3422.0,0.3710266,-0.11849371,-0.40078655,-0.19783135,-0.8046999,-0.87348795,-0.9912827,-0.8279605,0
43,3398.5693,3416.871,3414.0352,3417.8647,197117.0,198178.0,198014.0,198236.0,3398.5688,3416.862,3414.0344,3417.862,4.0383472,60.877525,4.274673,18.980976,49.0,45.0,53.0,51.0,3398.5688,3416.862,3414.0344,3417.862,3398.0,3416.0,3414.0,3420.0,0.49842665,0.3058243,-0.44402,-0.682251,-0.5109329,-1.0404873,-0.7226622,-0.83678246,1
44,3521.6797,3359.8066,3405.3506,3410.6553,204257.0,194867.0,197510.0,197818.0,3521.6724,3359.776,3405.3447,3410.6553,50.909927,205.9325,39.05351,1.432818,86.0,63.0,67.0,56.0,3521.6724,3359.776,3405.3447,3410.6553,3523.0,3358.0,3407.0,3411.0,-0.07037303,0.39879647,-0.8059828,0.023342703,-1.4456046,-1.0578011,-0.41664815,0.6039293,2
45,3268.0024,3423.7073,3419.8623,3417.759,189544.0,198575.0,198352.0,198230.0,3268.0,3423.7068,3419.862,3417.7585,16.62069,1.6209869,2.8085616,3.2175982,60.0,39.0,50.0,57.0,3268.0,3423.7068,3419.862,3417.7585,3267.5,3423.5,3420.0,3417.0,0.6183078,0.21020453,-0.023583738,0.29274413,-0.25782967,-0.8242576,-0.8277185,-1.0362557,0
46,3408.1387,3406.5693,3410.483,3409.5354,197672.0,197581.0,197808.0,197753.0,3408.138,3406.5688,3410.4827,3409.5344,2.91201,1.314209,0.7669441,5.9039836,37.0,33.0,46.0,50.0,3408.138,3406.5688,3410.4827,3409.5344,3407.5,3406.0,3411.0,3409.0,0.3676254,0.20870778,-0.3320807,0.59989023,-1.0069568,-0.05080962,-0.020504475,-0.7284241,1
47,3476.3552,3414.0693,3413.2932,3414.5535,201628.0,198016.0,197971.0,198044.0,3476.3447,3414.0688,3413.2932,3414.5518,71.812126,1.9607607,1.7934008,10.247324,60.0,59.0,67.0,58.0,3476.3447,3414.0688,3413.2932,3414.5518,3477.5,3414.0,3413.0,3416.0,-0.22149417,-0.7630269,-0.07148755,-0.6725298,-1.147816,0.39136672,-0.26288152,-0.5284269,2
48,3292.0764,3413.587,3419.9832,3419.845,190940.0,197988.0,198359.0,198351.0,3292.0688,3413.5862,3419.9827,3419.8447,49.89179,3.5529132,2.7065992,2.3379905,50.0,64.0,48.0,53.0,3292.0688,3413.5862,3419.9827,3419.8447,3290.5,3414.0,3420.0,3420.0,0.46382117,0.0049810624,-0.22781451,-0.0270876,-1.0954553,-0.45163727,-0.8614726,-0.82405186,0
49,3382.949,3403.6074,3419.8125,3415.7935,196211.0,197409.0,198349.0,198116.0,3382.9482,3403.6035,3419.8103,3415.7932,6.0835314,27.446192,14.1881695,2.5434008,40.0,70.0,41.0,60.0,3382.9482,3403.6035,3419.8103,3415.7932,3382.5,3403.0,3421.0,3416.0,0.13535261,0.56861466,-1.0137453,-1.088035,-0.38383245,-0.24989796,0.46695423,2.6832209,1
50,3457.869,3410.3625,3413.6038,3412.7588,200556.0,197801.0,197989.0,197940.0,3457.862,3410.362,3413.6035,3412.7585,48.18787,3.5413203,0.8255054,1.0107015,61.0,55.0,56.0,56.0,3457.862,3410.362,3413.6035,3412.7585,3457.0,3410.5,3414.0,3413.0,0.1151836,0.33930433,-0.5156785,0.19137637,-1.0989475,-0.8490908,0.0064468384,-0.7013514,2
51,3314.0718,3419.5176,3431.2078,3422.623,192216.0,198332.0,199010.0,198512.0,3314.0688,3419.5173,3431.2068,3422.6206,18.684898,2.1117713,6.853745,16.3044,59.0,54.0,55.0,49.0,3314.0688,3419.5173,3431.2068,3422.6206,3313.0,3419.5,3431.0,3424.0,1.2479738,0.03303737,-0.23745675,-0.6297099,0.72197056,-1.2950433,-0.88645744,-0.4687891,0
52,3377.8118,3411.3452,3415.173,3398.845,195913.0,197858.0,198080.0,197133.0,3377.8103,3411.3447,3415.1724,3398.8447,12.1881695,2.2604043,4.246135,1.1310941,44.0,46.0,37.0,50.0,3377.8103,3411.3447,3415.1724,3398.8447,3377.0,3411.0,3416.0,3399.0,0.8199913,-0.6593428,-0.5628678,-0.11786925,0.24279284,1.0726166,-0.6198356,-0.19193935,1
53,3473.686,3409.3281,3413.4492,3421.949,201473.0,197741.0,197980.0,198473.0,3473.6724,3409.3276,3413.4482,3421.9482,94.01338,4.254756,5.93698,5.014566,68.0,43.0,35.0,35.0,3473.6724,3409.3276,3413.4482,3421.9482,3471.0,3409.0,3414.0,3421.0,0.2104511,-0.5374921,-0.31974432,0.11080761,-1.104393,-0.238065,-0.85187984,-1.3535614,2
54,3423.359,3423.2244,3423.3623,3419.1555,198540.0,198547.0,198555.0,198311.0,3423.1035,3423.224,3423.362,3419.1553,1750.2997,1.3463138,1.5413197,3.0621285,136.0,45.0,33.0,66.0,3423.1035,3423.224,3423.362,3419.1553,3420.5,3423.0,3423.5,3419.0,0.049177594,0.41769245,-0.44018152,-0.315161,-1.3313645,0.9893334,-0.122820854,-0.79696393,0
55,3368.759,3417.4436,3415.605,3421.828,195388.0,198211.0,198105.0,198466.0,3368.7585,3417.4312,3415.6035,3421.8276,3.390012,86.555595,11.411714,2.590963,40.0,51.0,41.0,31.0,3368.7585,3417.4312,3415.6035,3421.8276,3368.0,3416.0,3415.5,3422.0,0.9370836,0.08390633,-0.15032305,0.033086717,0.04655409,-1.4698654,-1.3773407,-0.69190145,1
56,3483.7966,3399.1726,3411.4485,3412.3103,202059.0,197152.0,197864.0,197914.0,3483.776,3399.1724,3411.4482,3412.3103,144.24286,0.901308,0.8680142,1.2829964,56.0,37.0,41.0,58.0,3483.776,3399.1724,3411.4482,3412.3103,3484.0,3399.0,3411.0,3412.0,0.011313024,0.49711433,0.022923928,-0.27294564,-1.0694541,-0.63097477,-0.8709855,-0.18216085,2
57,3303.6287,3431.9233,3421.278,3416.052,191610.0,199051.0,198434.0,198131.0,3303.6206,3431.9138,3421.276,3416.0518,53.890614,64.56153,14.372178,2.4283593,54.0,43.0,43.0,59.0,3303.6206,3431.9138,3421.276,3416.0518,3302.0,3432.5,3422.5,3416.0,0.9321534,-0.454765,-0.41109177,-0.2500327,-0.32178187,-1.0676258,-0.9430983,-0.17533565,0
58,3381.0398,3401.492,3410.8105,3415.8176,196100.0,197286.0,197827.0,198117.0,3381.0344,3401.4827,3410.8103,3415.8103,35.99881,63.697983,0.87782395,50.084717,43.0,43.0,46.0,44.0,3381.0344,3401.4827,3410.8103,3415.8103,3381.0,3402.5,3411.0,3419.0,0.23679127,-0.28325713,0.13354251,-0.47520816,-1.1012915,-1.3184805,-0.8796432,-1.3141122,1
59,3494.2505,3406.8794,3409.3794,3413.3105,202666.0,197599.0,197744.0,197972.0,3494.2415,3406.8794,3409.3794,3413.3103,62.631397,1.2095718,1.0975028,1.041617,54.0,47.0,40.0,51.0,3494.2415,3406.8794,3409.3794,3413.3103,3494.5,3407.0,3409.5,3413.0,-0.1745534,0.3173431,0.0057500484,-0.5509956,-1.2301924,0.024795055,-0.5488405,0.6347461,2
60,3331.5798,3418.5005,3415.3455,3420.7588,193230.0,198273.0,198090.0,198404.0,3331.5518,3418.5,3415.3447,3420.7585,187.59216,2.8017242,3.5017831,1.9762189,65.0,48.0,73.0,47.0,3331.5518,3418.5,3415.3447,3420.7585,3331.0,3418.0,3415.0,3421.0,-0.19048001,0.30882555,0.23568493,-0.34851685,-1.2615731,-0.75605226,-0.4004736,-0.7243476,0
61,3437.3145,3413.69,3404.0176,3403.121,199364.0,197994.0,197433.0,197381.0,3437.3103,3413.6897,3404.0173,3403.1206,27.455408,1.7657552,0.8445303,3.0716405,46.0,52.0,43.0,58.0,3437.3103,3413.6897,3404.0173,3403.1206,3438.5,3413.0,3404.0,3403.0,-0.9674265,1.2423577,0.36549473,-0.14591959,-0.15636683,1.5463324,-0.39478707,-0.81915784,1
62,3483.5027,3402.5354,3406.6897,3399.85,202043.0,197347.0,197588.0,197191.0,3483.5,3402.5344,3406.6897,3399.8447,18.525862,5.8695006,0.38644475,36.131096,47.0,46.0,22.0,54.0,3483.5,3402.5344,3406.6897,3399.8447,3484.5,3402.0,3407.0,3401.0,-0.16346553,0.6236217,-0.5311792,-0.23948003,-0.260046,-0.8493309,0.38577175,-1.2380551,2
63,3382.7615,3412.5872,3413.3633,3408.9321,196200.0,197930.0,197975.0,197718.0,3382.7585,3412.5862,3413.362,3408.9312,20.562428,6.725326,8.920631,7.4780016,84.0,71.0,81.0,70.0,3382.7585,3412.5862,3413.362,3408.9312,3383.0,3413.0,3414.0,3409.0,0.5067845,-0.07477204,0.106294654,0.10252583,-0.36520052,-1.0817158,-1.09183,-0.90615606,0
64,3398.5696,3412.3462,3407.8806,3411.984,197117.0,197916.0,197657.0,197895.0,3398.5688,3412.3447,3407.8794,3411.9827,6.176278,8.294886,7.17509,8.361773,66.0,81.0,76.0,73.0,3398.5688,3412.3447,3407.8794,3411.9827,3399.0,3413.0,3408.0,3412.0,-0.40550688,-0.0129368175,0.0050897286,-0.055461355,-0.96390057,-1.0843296,-1.2761253,-1.2514969,1
65,3407.2422,3404.9146,3420.191,3418.8423,197620.0,197485.0,198371.0,198292.0,3407.2415,3404.9138,3420.1897,3418.8276,4.8727703,5.492568,8.877824,100.487526,58.0,65.0,64.0,69.0,3407.2415,3404.9138,3420.1897,3418.8276,3407.0,3405.5,3421.0,3420.0,0.0103606675,-0.23385634,-0.25839105,-0.10190833,-0.6119456,-1.1045353,-1.0682673,-1.4162489,2
66,3317.9521,3419.207,3427.1902,3413.639,192441.0,198314.0,198777.0,197991.0,3317.9482,3419.2068,3427.1897,3413.638,25.84215,2.1640904,3.5674791,5.368906,48.0,44.0,67.0,55.0,3317.9482,3419.2068,3427.1897,3413.638,3318.0,3419.0,3427.0,3414.0,0.08606174,0.09542706,-0.3509307,-0.88701856,-0.8371451,-0.40413785,-0.5394013,0.035057068,0
67,3337.2446,3412.983,3410.6724,3409.0347,193560.0,197953.0,197819.0,197724.0,3337.2415,3412.9827,3410.6724,3409.0344,20.562428,1.5341853,1.151308,2.550535,48.0,43.0,44.0,43.0,3337.2415,3412.9827,3410.6724,3409.0344,3338.5,3413.0,3411.0,3409.0,-1.2867349,-0.4570337,-0.493042,0.19775763,1.0873775,-0.3530805,0.2131617,-0.65569234,1
68,3476.73,3403.6572,3414.5515,3415.1726,201650.0,197412.0,198044.0,198080.0,3476.724,3403.6553,3414.5518,3415.1724,40.785973,14.605231,1.3852556,2.0392387,42.0,30.0,48.0,42.0,3476.724,3403.6553,3414.5518,3415.1724,3476.5,3403.5,3415.0,3415.0,0.08333997,0.23551157,-0.34615365,-0.5888478,-0.8979163,-1.4652208,-0.5730941,-0.017172813,2
69,3347.6802,3419.9658,3416.035,3422.1233,194165.0,198358.0,198130.0,198480.0,3347.6724,3419.9656,3416.0344,3422.0688,51.63407,1.8608798,2.0332937,371.85733,67.0,49.0,55.0,76.0,3347.6724,3419.9656,3416.0344,3422.0688,3348.0,3420.0,3416.0,3417.0,-0.22116506,-0.30462867,0.010815198,0.565548,-1.1778338,-0.7641816,-0.21041155,-0.97511744,0
70,3379.1423,3415.4365,3429.0142,3403.1953,195990.0,198095.0,198882.0,197385.0,3379.138,3415.4312,3429.0,3403.1897,29.04994,37.83145,98.0,38.49851,41.0,49.0,62.0,60.0,3379.138,3415.4312,3429.0,3403.1897,3377.5,3413.5,3428.5,3405.0,0.72749937,0.42073116,0.018020667,-0.19402435,-0.50647616,-1.3376244,-1.5532178,-1.3304543,1
71,3409.0884,3408.294,3406.5708,3406.7244,197727.0,197681.0,197581.0,197590.0,3409.0862,3408.2932,3406.5688,3406.724,13.9753275,5.2071934,12.83145,1.6825209,47.0,32.0,48.0,39.0,3409.0862,3408.2932,3406.5688,3406.724,3407.0,3408.0,3406.0,3407.0,0.427495,0.09848424,0.32869616,-0.18973199,-1.3333006,-1.4210385,-1.0842776,0.32904267,2
72,3463.655,3426.3545,3423.897,3442.3472,200889.0,198728.0,198586.0,199655.0,3463.6035,3426.3447,3423.8965,3442.3276,357.72205,65.39834,2.88585,134.66856,133.0,53.0,50.0,55.0,3463.6035,3426.3447,3423.8965,3442.3276,3462.0,3427.0,3424.0,3447.0,0.63364226,-0.25542775,-0.13349019,-0.39628994,-0.35320807,-1.0998089,-0.37177467,-1.258785,0
73,3373.9436,3400.2473,3437.145,3429.1187,195687.0,197214.0,199353.0,198888.0,3373.9138,3400.2415,3437.1206,3429.1035,201.56155,39.079666,168.31302,102.74793,56.0,55.0,83.0,68.0,3373.9138,3400.2415,3437.1206,3429.1035,3374.5,3399.0,3439.5,3431.5,-0.1503878,0.4325719,-0.60973805,-0.500649,-1.1817411,-0.86566114,-0.7778163,-1.009271,1
74,3451.3555,3405.1553,3413.862,3409.345,200178.0,197499.0,198004.0,197742.0,3451.3447,3405.1553,3413.862,3409.3447,74.294876,1.1310939,2.325803,1.605232,49.0,29.0,54.0,40.0,3451.3447,3405.1553,3413.862,3409.3447,3451.5,3405.0,3414.0,3409.0,0.039126366,-0.48409864,-0.35010368,-0.05649218,-1.5978109,-0.32554412,0.62347126,-0.31028986,2
75,3369.9475,3378.7598,3436.1672,3422.759,195455.0,195968.0,199297.0,198520.0,3369.9138,3378.7585,3436.1553,3422.7585,228.35466,7.907253,84.37247,3.3555293,72.0,54.0,63.0,42.0,3369.9138,3378.7585,3436.1553,3422.7585,3364.5,3378.0,3435.0,3423.0,0.89419246,0.6009647,0.080962144,0.19015597,-0.26101995,-0.59269834,-1.3887762,-0.16532612,0
76,3384.9263,3417.7483,3405.1902,3411.8965,196325.0,198229.0,197501.0,197890.0,3384.9138,3417.7415,3405.1897,3411.8965,85.216705,46.950363,3.3260999,0.98929846,55.0,52.0,35.0,48.0,3384.9138,3417.7415,3405.1897,3411.8965,3383.0,3419.0,3404.0,3412.0,0.52208745,-0.45478788,0.94596887,0.5236098,-0.96479607,-1.0230609,-0.23722863,0.49998903,1
77,3414.4312,3413.2593,3414.8816,3417.4326,198037.0,197969.0,198062.0,198211.0,3414.4312,3413.2585,3414.862,3417.4312,2.3831751,4.984839,132.60167,10.486624,45.0,49.0,54.0,47.0,3414.4312,3413.2585,3414.862,3417.4312,3414.0,3414.0,3408.5,3417.0,0.12919545,-0.61386156,0.57079005,0.061760027,-0.87110424,-0.56971073,-1.2547121,-1.2965738,2
78,3404.5447,3419.4312,3424.943,3285.4622,197458.0,198327.0,198646.0,190553.0,3404.4482,3419.4312,3424.9312,3285.3965,657.4542,0.9693817,82.65042,432.13583,90.0,43.0,51.0,119.0,3404.4482,3419.4312,3424.9312,3285.3965,3398.0,3419.5,3423.5,3277.5,0.6149643,-0.18729936,0.41307437,1.552907,-0.8706484,-0.6483829,-1.1909509,1.326715,0
79,3378.5557,3427.0024,3399.2266,3409.2761,195956.0,198766.0,197155.0,197738.0,3378.5518,3427.0,3399.224,3409.276,25.6956,17.724138,16.415281,2.2342448,58.0,43.0,53.0,40.0,3378.5518,3427.0,3399.224,3409.276,3378.0,3428.5,3400.5,3409.0,-0.31247774,-0.50602084,-0.3991757,-0.10566939,-0.94234824,-1.1396691,-1.2012448,-1.1726264,1
80,3431.0518,3402.1553,3408.1726,3412.173,199001.0,197325.0,197674.0,197906.0,3431.0518,3402.1553,3408.1724,3412.1724,1.3938763,1.0966111,1.1771699,5.211653,44.0,42.0,37.0,49.0,3431.0518,3402.1553,3408.1724,3412.1724,3431.0,3402.0,3408.0,3413.0,-0.037309334,-0.04270672,-0.10262244,-0.5254577,0.80198956,-0.62671804,-0.57354784,-0.8848841,2
81,3326.8438,3412.2437,3431.3975,3414.8103,192956.0,197910.0,199021.0,198059.0,3326.8276,3412.2415,3431.3965,3414.8103,106.039246,16.286562,6.9979196,0.7743757,57.0,43.0,51.0,46.0,3326.8276,3412.2415,3431.3965,3414.8103,3326.0,3411.0,3431.0,3415.0,-0.026581185,0.6061993,0.08811508,0.22659248,-0.71368575,-0.9108083,-0.8915348,-0.009123564,0
82,3415.8967,3424.7783,3231.9634,3390.7979,198122.0,198637.0,187452.0,196666.0,3415.8965,3424.776,3231.9312,3390.7932,2.2306776,16.104937,208.20215,32.129604,34.0,36.0,61.0,34.0,3415.8965,3424.776,3231.9312,3390.7932,3415.5,3425.0,3235.0,3393.0,1.0466207,-0.123860754,-0.24665423,-0.21541598,0.8718035,-1.2818315,-1.2995024,-1.7419984,1
83,3447.691,3406.7588,3406.328,3405.1384,199966.0,197592.0,197567.0,197498.0,3447.6897,3406.7585,3406.3276,3405.138,7.731272,0.7348395,1.5651008,3.8430445,51.0,34.0,35.0,44.0,3447.6897,3406.7585,3406.3276,3405.138,3448.0,3407.0,3406.0,3405.0,-0.05360375,-0.17274526,-0.0023199015,0.24626803,-0.7317915,-0.6756041,-0.5349996,-0.93234277,2
84,3377.072,3417.5046,3405.8276,3410.1038,195870.0,198215.0,197538.0,197786.0,3377.0688,3417.5,3405.8276,3410.1035,19.443521,31.560345,0.6254459,1.2651604,50.0,54.0,40.0,52.0,3377.0688,3417.5,3405.8276,3410.1035,3375.0,3416.0,3406.0,3410.0,0.70687413,0.87927336,0.106492564,0.013909873,-0.7492559,0.1374731,-0.99067354,-0.32001996,0
85,3288.6716,3411.6914,3411.8994,3406.5693,190742.0,197878.0,197890.0,197581.0,3288.6553,3411.6897,3411.8965,3406.5688,108.63971,13.248514,18.885847,2.1417954,98.0,51.0,65.0,44.0,3288.6553,3411.6897,3411.8965,3406.5688,3286.5,3411.0,3413.0,3406.0,0.49964273,0.15125836,-0.4528658,0.6068376,-0.80604625,-1.3718982,-0.7690058,-0.27617288,1
86,3461.0034,3408.4832,3410.1902,3419.3794,200738.0,197692.0,197791.0,198324.0,3461.0,3408.4827,3410.1897,3419.3794,23.827587,2.1117713,2.7054102,0.85612357,39.0,49.0,34.0,50.0,3461.0,3408.4827,3410.1897,3419.3794,3460.0,3408.0,3410.0,3419.0,0.29261667,0.607444,0.53200024,0.4857613,-1.1640297,-0.058246613,-0.80253506,-0.08202839,2
87,3390.3972,3416.4482,3411.0002,3415.3806,196643.0,198154.0,197838.0,198092.0,3390.3965,3416.4482,3411.0,3415.3794,3.997919,0.902497,1.0689656,8.890607,36.0,46.0,57.0,49.0,3390.3965,3416.4482,3411.0,3415.3794,3390.0,3416.0,3411.0,3415.0,-0.009547123,0.4501692,-0.0936004,0.48514298,-1.1318095,-0.32398415,-0.4349637,-0.41095185,0
88,3418.328,3414.3967,3409.1035,3409.6726,198263.0,198035.0,197728.0,197761.0,3418.3276,3414.3965,3409.1035,3409.6724,2.1168249,1.4806776,1.1961949,1.9099284,52.0,51.0,46.0,39.0,3418.3276,3414.3965,3409.1035,3409.6724,3418.0,3414.0,3409.0,3409.0,-0.076787494,0.35630196,0.66407275,0.13012838,0.07520962,0.031734467,-0.0036809444,-0.622144,2
89,3381.3794,3414.7068,3398.4485,3422.2761,196120.0,198053.0,197110.0,198492.0,3381.3794,3414.7068,3398.4482,3422.276,1.0285374,0.86236626,1.178359,2.1997623,48.0,49.0,46.0,34.0,3381.3794,3414.7068,3398.4482,3422.276,3381.0,3415.0,3398.0,3422.0,-0.017583657,-0.2915622,0.33522326,-0.19453831,-0.7689285,0.3590753,-0.03637266,-1.0972502,0
90,3418.708,3434.2935,3448.9502,3407.1216,198285.0,199189.0,200033.0,197613.0,3418.7068,3434.2932,3448.8447,3407.1206,8.379609,3.3106415,728.06213,4.6233654,50.0,50.0,95.0,49.0,3418.7068,3434.2932,3448.8447,3407.1206,3418.0,3435.0,3446.5,3407.0,1.0263548,-1.0056893,0.10913496,0.25993463,0.01461792,0.7275772,-1.3041425,-0.96312046,1
91,3433.728,3424.4658,3359.8667,3409.26,199154.0,198619.0,194868.0,197737.0,3433.6897,3424.4656,3359.7932,3409.2585,264.14508,3.3522596,493.23303,10.777942,65.0,44.0,72.0,45.0,3433.6897,3424.4656,3359.7932,3409.2585,3432.5,3425.0,3363.5,3408.0,0.27179447,-0.2652298,-0.30416542,0.27049798,-1.2964472,-0.52181244,-1.2126476,-1.1678827,2
92,3403.9658,3409.846,3404.5178,3414.2073,197430.0,197771.0,197462.0,198024.0,3403.9656,3409.8447,3404.5173,3414.2068,1.4470867,6.406956,4.594531,1.6813318,46.0,56.0,44.0,54.0,3403.9656,3409.8447,3404.5173,3414.2068,3404.0,3410.5,3404.0,3414.0,0.89803666,-0.81403536,0.32281408,-0.29268897,1.1487465,-0.11713982,-0.8075471,0.13180208,0
93,3481.3513,3413.362,3405.6729,3410.0862,201918.0,197975.0,197529.0,197785.0,3481.3447,3413.362,3405.6724,3410.0862,45.43282,1.2309749,2.3582044,0.9408442,54.0,45.0,37.0,48.0,3481.3447,3413.362,3405.6724,3410.0862,3484.0,3413.0,3405.5,3410.0,-1.6401405,-0.14268436,0.21651846,0.05392593,1.7453647,-0.92670035,-0.71245146,-0.5929315,1
94,3419.9934,3396.1074,3423.2412,3406.621,198355.0,196974.0,198548.0,197584.0,3419.9138,3396.1035,3423.2415,3406.6206,544.803,28.472054,0.5969084,1.6147443,80.0,41.0,24.0,26.0,3419.9138,3396.1035,3423.2415,3406.6206,3411.5,3394.0,3423.0,3407.0,0.5522672,0.6104552,-0.22034332,-0.018804645,-1.2467216,-1.2047246,-0.9005976,-0.7483268,2
95,3401.501,3412.6562,3405.4324,3408.7422,197287.0,197934.0,197515.0,197707.0,3401.5,3412.6553,3405.4312,3408.7415,7.1810346,7.0190244,8.072829,7.6744943,72.0,68.0,70.0,77.0,3401.5,3412.6553,3405.4312,3408.7415,3401.5,3413.0,3406.0,3409.0,-0.14783438,0.029109461,-0.2324742,-0.2811955,-1.2023393,-1.3208215,-1.0803329,-1.0270879,0
96,3403.2598,3408.6045,3406.9668,3414.6218,197389.0,197699.0,197604.0,198048.0,3403.2585,3408.6035,3406.9656,3414.6206,8.157253,7.4117126,8.274674,8.821642,75.0,73.0,80.0,69.0,3403.2585,3408.6035,3406.9656,3414.6206,3403.0,3408.5,3407.0,3414.0,-0.08804429,-0.215378,0.02576179,0.15366577,-1.3359897,-0.9083326,-0.88443565,-0.9822707,1
97,3406.7087,3407.087,3427.108,3422.5295,197589.0,197611.0,198772.0,198503.0,3406.7068,3407.0862,3427.1035,3422.4656,12.13823,4.7339473,32.26516,437.80054,64.0,50.0,78.0,82.0,3406.7068,3407.0862,3427.1035,3422.4656,3407.0,3407.0,3428.0,3424.0,0.3072991,0.19078507,-0.2437669,0.032901738,-0.62759614,-0.63080263,-1.1788679,-1.5581256,2
98,3408.0886,3409.5173,3378.9343,3397.175,197669.0,197752.0,195978.0,197036.0,3408.0862,3409.5173,3378.9312,3397.1724,16.113262,1.6979783,21.995243,16.763378,61.0,46.0,48.0,49.0,3408.0862,3409.5173,3378.9312,3397.1724,3409.0,3410.0,3378.0,3396.0,-0.66604704,0.008793051,0.31414035,0.49109453,-0.31835938,-0.719378,-1.3618836,-1.0662918,0
99,3427.4885,3427.7937,3409.569,3409.0002,198794.0,198812.0,197755.0,197722.0,3427.4827,3427.7932,3409.5688,3409.0,39.456596,4.9571934,1.9004159,1.7931035,75.0,42.0,57.0,47.0,3427.4827,3427.7932,3409.5688,3409.0,3431.0,3428.0,3409.0,3409.0,-1.1285051,-0.45164686,0.25149673,0.34467137,-0.066176414,-0.60820055,-0.29813194,-0.76923084,1
100,3426.0012,3409.1904,3406.552,3411.225,198708.0,197733.0,197580.0,197851.0,3426.0,3409.1897,3406.5518,3411.224,9.310345,4.6709275,2.7645664,7.001486,35.0,38.0,27.0,41.0,3426.0,3409.1897,3406.5518,3411.224,3426.0,3409.0,3406.0,3411.5,0.2985991,-0.07099904,0.79835165,-0.0080878865,-0.9879012,-1.1460879,-0.5952623,-1.3180058,2
101,3383.657,3408.8804,3436.2363,3364.0503,196252.0,197715.0,199301.0,195114.0,3383.6553,3408.8794,3436.224,3364.0344,12.467299,6.692331,83.44977,107.10225,52.0,38.0,51.0,57.0,3383.6553,3408.8794,3436.224,3364.0344,3384.0,3409.0,3442.0,3360.5,-1.5657946,0.09714072,-1.1045208,0.55274415,2.4234276,-1.1174737,-0.08914876,-1.0143942,0
102,3422.8452,3377.865,3387.6292,3398.071,198525.0,195916.0,196482.0,197088.0,3422.8447,3377.862,3387.6206,3398.0688,2.717301,20.77408,57.649227,13.581452,40.0,47.0,58.0,49.0,3422.8447,3377.862,3387.6206,3398.0688,3423.0,3376.0,3389.5,3398.0,-0.65192527,1.0311397,-0.57072175,0.025932454,-0.37779784,-0.27338338,-1.0091076,-0.9641082,1
103,3380.6904,3357.5325,3410.4158,3369.828,196080.0,194735.0,197803.0,195450.0,3380.6897,3357.5,3410.3965,3369.8276,5.9036856,218.59483,131.20482,2.0737216,47.0,77.0,71.0,64.0,3380.6897,3357.5,3410.3965,3369.8276,3380.0,3357.5,3408.0,3370.0,0.7169517,0.363711,0.17852817,0.3377015,-0.25055647,-1.1907843,-1.4144471,-0.36653376,2
104,3380.845,3422.0864,3398.6733,3419.828,196089.0,198481.0,197123.0,198350.0,3380.8447,3422.0862,3398.6724,3419.8276,2.2000594,2.5960166,6.2547565,0.9702734,58.0,39.0,56.0,31.0,3380.8447,3422.0862,3398.6724,3419.8276,3381.0,3422.0,3398.0,3420.0,-0.11276551,-0.065812305,0.7843348,-0.08303811,-0.43084764,-1.1738856,0.05114746,-0.86195254,0
105,3388.312,3411.069,3408.914,3406.052,196522.0,197842.0,197717.0,197551.0,3388.3103,3411.0688,3408.9138,3406.0518,12.110585,0.78834724,1.1477408,1.842152,39.0,46.0,41.0,27.0,3388.3103,3411.0688,3408.9138,3406.0518,3389.0,3411.0,3409.0,3406.0,-0.47439334,0.16101728,0.34000564,0.3613518,-1.0559915,-0.47831035,0.14629436,-1.1179495,1
106,3424.7776,3411.5876,3415.7415,3401.3108,198637.0,197872.0,198113.0,197276.0,3424.776,3411.5862,3415.7415,3401.3103,11.932523,9.897741,1.5365638,3.5243757,44.0,51.0,50.0,54.0,3424.776,3411.5862,3415.7415,3401.3103,3424.0,3412.0,3416.0,3401.0,0.30241528,-0.2509384,-0.26134688,0.4220842,-1.0942386,-1.3952316,-0.3481884,-0.986871,2
107,3373.157,3409.4658,3421.19,3421.5022,195643.0,197749.0,198429.0,198447.0,3373.1553,3409.4656,3421.1897,3421.5,11.372473,2.7315695,3.153686,16.318966,27.0,47.0,44.0,46.0,3373.1553,3409.4656,3421.1897,3421.5,3375.0,3409.5,3421.5,3421.0,-0.60622245,0.06058435,-0.47252586,0.2526447,-1.0708632,-1.1590883,-0.715363,-1.4458257,0
108,3400.493,3415.1558,3409.397,3401.5354,197228.0,198079.0,197745.0,197289.0,3400.4827,3415.1553,3409.3965,3401.5344,69.97384,4.441438,1.0668846,5.11088,40.0,64.0,43.0,51.0,3400.4827,3415.1553,3409.3965,3401.5344,3404.5,3415.0,3409.0,3401.0,-0.66944426,0.19301513,0.37206534,0.2549951,-0.9777901,-1.0171654,-0.6750822,-0.83832574,1
109,3409.8464,3413.9827,3415.3623,3406.0518,197771.0,198011.0,198091.0,197551.0,3409.8447,3413.9827,3415.362,3406.0518,12.579369,0.8445303,2.3689063,0.66973835,49.0,42.0,52.0,38.0,3409.8447,3413.9827,3415.362,3406.0518,3410.0,3414.0,3415.0,3406.0,0.0746144,-0.49878567,-0.10871769,-0.4730971,-1.2334462,-0.1147604,-0.57516885,-0.48273277,2
110,3364.2507,3423.862,3407.8796,3413.0176,195126.0,198584.0,197657.0,197955.0,3364.2415,3423.862,3407.8794,3413.0173,61.355534,0.4637336,1.209572,2.2238407,45.0,38.0,43.0,54.0,3364.2415,3423.862,3407.8794,3413.0173,3365.0,3424.0,3408.0,3413.0,0.054366477,0.5067963,-0.38252825,-0.060867626,-1.0707372,0.36972952,-0.42361212,-0.9166601,0
111,3457.7192,3406.328,3409.9656,3412.483,200547.0,197567.0,197778.0,197924.0,3457.7068,3406.3276,3409.9656,3412.4827,85.55202,0.7030321,1.998811,1.3531508,74.0,33.0,51.0,51.0,3457.7068,3406.3276,3409.9656,3412.4827,3459.0,3406.0,3410.0,3412.0,-0.59314203,-0.5006809,0.09746499,1.1592251,-0.5127151,0.57568526,-0.57739925,1.3203931,1
112,3420.571,3418.553,3411.397,3404.9658,198393.0,198276.0,197861.0,197488.0,3420.5688,3418.5518,3411.3965,3404.9656,14.624556,8.005944,2.7910225,2.274673,51.0,41.0,53.0,46.0,3420.5688,3418.5518,3411.3965,3404.9656,3421.0,3418.5,3411.5,3405.0,-0.42641973,-0.033762112,-0.30751476,-0.42403004,-0.94747066,-1.3272861,-0.67871857,-0.6026516,2
113,3403.105,3396.535,3410.6208,3408.4482,197380.0,196999.0,197816.0,197690.0,3403.1035,3396.5344,3410.6206,3408.4482,11.9893,4.007432,0.92508906,0.9714625,48.0,40.0,51.0,36.0,3403.1035,3396.5344,3410.6206,3408.4482,3405.0,3396.0,3411.0,3408.0,-0.7126916,0.18804058,0.35334232,-0.4500423,-0.7049823,-0.828202,-0.21706653,0.18879294,0
114,3389.0613,3409.259,3410.1555,3408.7078,196565.0,197737.0,197789.0,197705.0,3389.0518,3409.2585,3410.1553,3408.7068,65.152504,2.4331155,1.1655768,5.4140897,55.0,40.0,33.0,40.0,3389.0518,3409.2585,3410.1553,3408.7068,3391.0,3409.0,3410.0,3408.0,-0.4428521,0.2750176,-0.14670977,0.8248447,-1.2591361,-0.82873225,-0.032407045,-0.28286672,1
115,3412.3806,3410.1902,3411.7761,3407.7588,197918.0,197791.0,197883.0,197650.0,3412.3794,3410.1897,3411.776,3407.7585,9.44233,4.119203,1.035969,1.8727707,42.0,48.0,53.0,44.0,3412.3794,3410.1897,3411.776,3407.7585,3413.0,3410.0,3412.0,3407.0,-0.14172186,0.42203042,0.26248467,0.48098487,-1.3431586,-1.0754031,-0.50775504,-0.8229444,2
116,3395.675,3403.7593,3405.707,3416.3625,196949.0,197418.0,197531.0,198149.0,3395.6724,3403.7585,3405.7068,3416.362,17.737514,6.4934597,0.68995243,4.2309756,52.0,53.0,40.0,59.0,3395.6724,3403.7585,3405.7068,3416.362,3395.0,3405.0,3406.0,3417.0,-0.15688913,-0.62974256,-0.49154586,-0.13530706,-1.1194106,-0.5758858,-0.21961856,-0.8368716,0
117,3416.5393,3414.7588,3404.6726,3441.2302,198159.0,198056.0,197471.0,199591.0,3416.5344,3414.7585,3404.6724,3441.224,32.421227,1.4934603,1.5995837,41.89804,41.0,48.0,44.0,50.0,3416.5344,3414.7585,3404.6724,3441.224,3418.0,3415.0,3404.0,3440.5,-0.38317513,-0.4386994,0.78601414,-0.06875901,-1.0326674,0.4526527,0.095954895,-1.3105375,1
118,3414.173,3390.8967,3410.4487,3413.4668,198022.0,196672.0,197806.0,197981.0,3414.1724,3390.8965,3410.4482,3413.4656,5.763377,0.74791914,5.212842,8.766053,46.0,39.0,49.0,55.0,3414.1724,3390.8965,3410.4482,3413.4656,3413.0,3391.0,3410.0,3414.0,0.9780122,-0.5988064,0.33637995,-0.06708875,-0.07289195,-0.1673634,-0.9297707,-1.1159462,2
119,3389.0,3409.3972,3413.0173,3407.4658,196562.0,197745.0,197955.0,197633.0,3389.0,3409.3965,3413.0173,3407.4656,0.79310346,3.4117122,0.94797856,1.3522592,49.0,49.0,51.0,35.0,3389.0,3409.3965,3413.0173,3407.4656,3389.0,3409.0,3413.0,3407.5,-0.43938956,0.57459754,-0.14681467,0.017565519,-0.7523632,0.3918395,-0.324651,-0.102672815,0
120,3406.329,3409.207,3403.8452,3407.3457,197566.0,197734.0,197423.0,197626.0,3406.3103,3409.2068,3403.8447,3407.3447,127.62783,0.8192628,2.6828182,7.1569552,54.0,46.0,31.0,53.0,3406.3103,3409.2068,3403.8447,3407.3447,3403.0,3409.0,3403.0,3408.0,0.2639736,0.27920598,0.8855571,-0.34369022,-1.5067028,-0.7453978,-0.30118084,-0.86208224,1
121,3426.0864,3399.242,3406.519,3409.9316,198713.0,197156.0,197578.0,197776.0,3426.0862,3399.2415,3406.5173,3409.9312,1.975327,2.079667,12.732462,0.9262783,53.0,58.0,50.0,67.0,3426.0862,3399.2415,3406.5173,3409.9312,3426.0,3399.0,3407.0,3410.0,0.74114877,-0.21954378,-0.21940479,0.25365308,-0.15104222,-0.040100098,-1.0647714,-0.66731405,2
122,3386.328,3407.0518,3406.414,3411.1902,196407.0,197609.0,197572.0,197849.0,3386.3276,3407.0518,3406.4138,3411.1897,1.8409629,0.4628418,0.6908442,2.4985137,56.0,29.0,27.0,53.0,3386.3276,3407.0518,3406.4138,3411.1897,3386.0,3407.0,3407.0,3411.0,-0.15178546,-0.39293838,-0.53606594,0.49827442,-0.37305617,0.22367191,0.059154272,-0.6329601,0
123,3405.7083,3416.7944,3412.242,3409.3623,197531.0,198174.0,197910.0,197743.0,3405.7068,3416.7932,3412.2415,3409.362,9.138228,10.646851,4.0107017,1.506837,45.0,49.0,52.0,40.0,3405.7068,3416.7932,3412.2415,3409.362,3406.5,3418.0,3413.0,3409.0,-0.69985324,-0.52428776,-0.38491556,0.012290029,-0.5467677,-0.83232045,-0.35938478,-0.544626,1
124,3409.2764,3411.2595,3406.2932,3407.0518,197738.0,197853.0,197565.0,197609.0,3409.276,3411.2585,3406.2932,3407.0518,2.9928658,6.846908,0.758918,0.53180736,45.0,48.0,32.0,29.0,3409.276,3411.2585,3406.2932,3407.0518,3409.0,3412.0,3406.0,3407.0,1.0693089,-0.6640402,-0.9174286,0.72031915,0.45710945,-0.8039839,2.6016726,0.84974813,2
125,3382.9524,3414.899,3420.1663,3417.3464,196211.0,198064.0,198354.0,198206.0,3382.9482,3414.8965,3419.8965,3417.3447,28.428362,15.747921,1846.7135,11.812127,77.0,54.0,141.0,43.0,3382.9482,3414.8965,3419.8965,3417.3447,3383.0,3415.0,3413.5,3417.5,-0.19029723,0.35802653,0.21718358,-0.06663425,-0.75858235,-0.96266985,-1.2190417,-1.3333966,0
126,3378.2666,3414.7415,3418.035,3414.9836,195938.0,198055.0,198246.0,198069.0,3378.2415,3414.7415,3418.0344,3414.9827,171.32106,0.91587394,1.2057074,6.810048,65.0,53.0,44.0,54.0,3378.2415,3414.7415,3418.0344,3414.9827,3374.0,3415.0,3418.0,3415.0,0.617464,-0.52706444,0.0101024,-0.20806196,-0.98113894,0.858536,-0.6114261,-1.18599,1
127,3403.4487,3411.9314,3416.983,3410.5864,197400.0,197892.0,198185.0,197814.0,3403.4482,3411.9312,3416.9827,3410.5862,2.799049,2.1331744,1.3962544,1.3115339,55.0,53.0,47.0,37.0,3403.4482,3411.9312,3416.9827,3410.5862,3403.0,3412.0,3417.0,3411.0,0.17843997,-0.14624271,-0.279945,0.7868327,-0.47134447,-0.75238395,-0.49721193,0.9652622,2
128,3390.0874,3411.053,3408.5356,3417.6582,196625.0,197841.0,197695.0,198224.0,3390.0862,3411.0518,3408.5344,3417.6553,8.078775,7.7042203,8.766053,21.846613,71.0,69.0,71.0,73.0,3390.0862,3411.0518,3408.5344,3417.6553,3390.0,3411.0,3408.5,3417.0,-0.11426691,0.110949524,0.06310292,-0.023842936,-0.35076594,-1.346789,-0.905751,-0.8422382,0
129,3421.4614,3410.6904,3411.2766,3414.9329,198444.0,197820.0,197854.0,198066.0,3421.4482,3410.6897,3411.276,3414.9312,91.86803,5.248513,5.2342443,12.202141,63.0,70.0,67.0,73.0,3421.4482,3410.6897,3411.276,3414.9312,3423.5,3411.0,3411.5,3415.0,-0.22812136,-0.14179088,-0.03812018,0.17886749,-1.0418426,-1.1080179,-1.4177612,-0.6579163,2
130,3398.939,3434.4717,3420.4004,3404.4834,197138.0,199198.0,198383.0,197460.0,3398.9312,3434.4482,3420.3965,3404.4827,54.75386,161.1094,26.066881,4.870393,54.0,55.0,44.0,41.0,3398.9312,3434.4482,3420.3965,3404.4827,3399.0,3435.5,3421.5,3405.0,0.14110975,-0.19505477,-0.664972,-0.34256738,-1.2363855,-1.1175711,-0.7378807,-1.4050698,0
131,3388.2764,3417.345,3407.9834,3428.6384,196520.0,198206.0,197663.0,198861.0,3388.276,3417.3447,3407.9827,3428.638,4.0618315,0.8121284,4.844531,3.886148,43.0,47.0,36.0,43.0,3388.276,3417.3447,3407.9827,3428.638,3388.0,3417.0,3408.0,3429.0,0.60615516,0.25697926,-0.0070951995,-0.70538664,-0.6105547,-0.6851442,-1.2514421,-0.41438127,1
132,3418.536,3411.4429,3394.638,3410.259,198275.0,197863.0,196889.0,197795.0,3418.5344,3411.4312,3394.638,3410.2585,9.835018,81.38319,1.4723545,3.502081,40.0,54.0,42.0,53.0,3418.5344,3411.4312,3394.638,3410.2585,3419.0,3412.0,3395.0,3410.0,-0.39488178,-0.05497702,0.54534596,0.14324343,-0.9895835,-1.2221863,-0.14734745,-1.1992368,2
133,3397.0173,3410.0347,3405.9316,3322.849,197027.0,197782.0,197544.0,192724.0,3397.0173,3410.0344,3405.9312,3322.8276,1.0859096,1.0332937,3.271106,143.21165,51.0,48.0,43.0,71.0,3397.0173,3410.0344,3405.9312,3322.8276,3397.0,3410.0,3406.0,3318.0,0.6052568,0.6206193,-1.0689397,1.2297466,0.5110328,0.009505749,0.6344867,0.2880292,0
134,3383.1226,3401.07,3403.4138,3413.5864,196221.0,197262.0,197398.0,197988.0,3383.1206,3401.0688,3403.4138,3413.5862,14.5888815,8.236623,1.4149822,1.1736029,57.0,53.0,51.0,45.0,3383.1206,3401.0688,3403.4138,3413.5862,3382.5,3401.0,3403.0,3414.0,0.4792024,0.20226209,-0.10237625,-0.18152751,-0.9409387,-1.1935593,0.08732581,-0.34367657,1
135,3422.8796,3402.2324,3416.897,3416.4048,198527.0,197329.0,198180.0,198151.0,3422.8794,3402.224,3416.8965,3416.3965,4.3130198,55.415283,2.5755053,55.13585,36.0,45.0,54.0,48.0,3422.8794,3402.224,3416.8965,3416.3965,3424.0,3404.0,3417.0,3415.5,-0.7745413,-0.43536878,0.26885924,0.4680345,-0.70972323,-1.0733953,-0.5071244,-0.91658163,2
136,3376.4658,3408.312,3393.3628,3403.0,195835.0,197682.0,196815.0,197374.0,3376.4656,3408.3103,3393.362,3403.0,1.1453627,10.524377,4.437872,1.0689656,37.0,51.0,43.0,46.0,3376.4656,3408.3103,3393.362,3403.0,3376.5,3408.0,3393.0,3403.0,-0.5856508,0.5181271,0.7905522,-0.3744016,1.1980457,-0.570245,-0.39056492,-0.616025,0
137,3379.8452,3408.8276,3411.9673,3416.7417,196031.0,197712.0,197894.0,198171.0,3379.8447,3408.8276,3411.9656,3416.7415,1.6828182,0.5909631,13.067777,3.329667,51.0,34.0,48.0,51.0,3379.8447,3408.8276,3411.9656,3416.7415,3380.0,3409.0,3412.0,3417.0,-0.46848974,0.75983,-0.16925044,0.11292566,-0.22369266,0.3394153,-1.1130992,-0.8469982,1
138,3425.138,3416.8103,3411.7415,3414.2073,198658.0,198175.0,197881.0,198024.0,3425.138,3416.8103,3411.7415,3414.2068,1.2223542,1.7398932,1.1572534,3.7847795,40.0,64.0,46.0,47.0,3425.138,3416.8103,3411.7415,3414.2068,3425.0,3417.0,3412.0,3415.0,1.3333133,-0.053903632,0.19478285,-0.22173391,1.9182773,-0.4501984,-0.39473915,-0.78545356,2
139,3403.2273,3424.3289,3416.9163,3423.0867,197387.0,198611.0,198181.0,198539.0,3403.224,3424.3276,3416.9138,3423.0862,22.00149,9.909929,17.285673,3.7684305,52.0,39.0,37.0,35.0,3403.224,3424.3276,3416.9138,3423.0862,3403.0,3424.0,3417.0,3423.0,0.020107228,0.01547924,0.036524866,-0.22047605,-1.3225994,-0.68162656,-1.4176184,-0.9147942,0
140,3408.656,3397.276,3419.6218,3412.2588,197702.0,197042.0,198338.0,197911.0,3408.6553,3397.276,3419.6206,3412.2585,6.3293695,0.71700364,7.235434,1.2607017,52.0,47.0,33.0,48.0,3408.6553,3397.276,3419.6206,3412.2585,3409.0,3397.0,3420.0,3412.0,-0.24467179,0.2943221,-0.12507758,0.13741404,-0.7207837,-0.47676134,-1.1918972,0.38180685,1
141,3410.1763,3409.052,3412.9312,3396.1035,197790.0,197725.0,197950.0,196974.0,3410.1724,3409.0518,3412.9312,3396.1035,25.901306,2.462842,0.9952437,2.0582638,53.0,49.0,48.0,58.0,3410.1724,3409.0518,3412.9312,3396.1035,3412.0,3408.5,3413.0,3396.0,-0.44484636,0.42294154,-0.17466646,0.06342592,-1.1670675,-0.9162431,-0.60508275,-1.0472417,2
142,3401.8281,3412.0696,3407.3103,3407.9312,197306.0,197900.0,197624.0,197660.0,3401.8276,3412.0688,3407.3103,3407.9312,3.004756,2.9262786,0.5933412,0.4090369,53.0,56.0,22.0,28.0,3401.8276,3412.0688,3407.3103,3407.9312,3402.0,3412.0,3407.0,3408.0,0.6038307,-0.33435124,0.5368196,-0.33486563,-0.35198712,-0.65653634,0.0323267,0.49593616,0
143,3389.0017,3409.8794,3409.845,3414.431,196562.0,197773.0,197771.0,198037.0,3389.0,3409.8794,3409.8447,3414.4312,11.793103,1.5888823,0.75178355,1.2797263,48.0,47.0,50.0,47.0,3389.0,3409.8794,3409.8447,3414.4312,3390.0,3410.0,3410.0,3414.0,-0.19157657,0.1243536,0.30492255,-0.043475915,-1.0928489,-0.40538192,-0.87010336,-0.657485,1
144,3415.1382,3413.2595,3415.0173,3410.5002,198078.0,197969.0,198071.0,197809.0,3415.138,3413.2585,3415.0173,3410.5,0.5671819,6.226218,0.60315096,1.1810344,35.0,51.0,45.0,50.0,3415.138,3413.2585,3415.0173,3410.5,3415.0,3413.0,3415.0,3410.0,0.009469393,0.0975482,0.19068101,0.20149738,0.5423305,-1.3041389,0.3449347,-0.39650488,2
145,3393.001,3414.6208,3414.2932,3407.1726,196794.0,198048.0,198029.0,197616.0,3393.0,3414.6206,3414.2932,3407.1724,5.37931,0.7181926,0.89684904,1.3151011,43.0,51.0,46.0,35.0,3393.0,3414.6206,3414.2932,3407.1724,3393.0,3415.0,3414.0,3407.0,0.4228668,-0.21029001,0.6045938,0.55173683,-0.19008851,-0.5411997,-0.024583578,0.539793,0
146,3382.9204,3376.4736,3407.3276,3409.2417,196209.0,195835.0,197625.0,197736.0,3382.9138,3376.4656,3407.3276,3409.2415,46.4236,54.007435,0.840963,1.1141499,46.0,57.0,29.0,43.0,3382.9138,3376.4656,3407.3276,3409.2415,3382.0,3373.0,3407.0,3409.0,0.20185497,0.908421,0.7829021,0.5626115,-1.1649607,-0.42628074,0.24298573,0.11310816,1
147,3430.555,3394.707,3406.7593,3414.7073,198972.0,196893.0,197592.0,198053.0,3430.5518,3394.7068,3406.7585,3414.7068,21.868013,2.7589178,4.5969086,2.7589178,43.0,40.0,41.0,46.0,3430.5518,3394.7068,3406.7585,3414.7068,3431.0,3394.0,3406.5,3415.0,-0.078095324,0.7420104,0.12585852,-0.8156193,-1.188138,0.047368765,-0.95858145,0.0075917244,2
148,3405.3643,3410.4138,3408.4314,3414.2588,197511.0,197804.0,197689.0,198027.0,3405.362,3410.4138,3408.4312,3414.2585,16.748217,0.9322235,1.1073128,1.2262189,59.0,48.0,35.0,56.0,3405.362,3410.4138,3408.4312,3414.2585,3406.0,3410.0,3408.0,3414.0,-0.7558651,0.24454616,0.31493512,-0.21797827,-0.49035907,0.047617435,-0.79714704,0.21030974,0
149,3386.673,3419.6553,3417.8625,3411.7073,196427.0,198340.0,198236.0,197879.0,3386.6724,3419.6553,3417.862,3411.7068,3.392687,1.1914388,5.4982176,2.7934005,56.0,48.0,51.0,44.0,3386.6724,3419.6553,3417.862,3411.7068,3386.0,3420.0,3417.0,3411.0,0.6027153,-0.0020747343,0.08574633,0.4024458,-0.78626776,0.08131075,-1.2576624,-0.86377525,1
150,3418.2256,3406.052,3403.3447,3411.466,198257.0,197551.0,197394.0,197865.0,3418.224,3406.0518,3403.3447,3411.4656,8.829073,1.0835315,0.5707491,2.0419142,55.0,49.0,38.0,61.0,3418.224,3406.0518,3403.3447,3411.4656,3418.0,3406.0,3403.0,3411.0,0.19192882,0.17172675,-0.18445514,0.42387158,-1.2105131,0.16713047,-0.5686405,-0.4830656,2
151,3395.3794,3406.4487,3410.4485,3407.724,196932.0,197574.0,197806.0,197648.0,3395.3794,3406.4482,3410.4482,3407.724,2.4768128,2.247325,1.9714626,0.4066587,46.0,43.0,63.0,30.0,3395.3794,3406.4482,3410.4482,3407.724,3396.0,3407.0,3411.0,3408.0,-0.42759195,-0.8521086,-0.0061491695,0.7139484,-0.2866211,0.41742945,-0.49992943,1.2478442,0
152,3406.156,3410.7588,3404.157,3413.4312,197557.0,197824.0,197441.0,197979.0,3406.1553,3410.7585,3404.1553,3413.4312,4.8897142,1.3210465,10.544886,1.210761,33.0,51.0,40.0,43.0,3406.1553,3410.7585,3404.1553,3413.4312,3406.0,3411.0,3404.0,3414.0,0.080805555,-0.13266213,-0.10579477,-0.6014775,-0.6920929,-0.5724311,-1.2033687,0.20880246,1
153,3416.2422,3408.707,3412.7068,3428.2285,198142.0,197705.0,197937.0,198837.0,3416.2415,3408.7068,3412.7068,3428.224,4.976218,0.96581453,1.2761594,29.48425,46.0,38.0,51.0,83.0,3416.2415,3408.7068,3412.7068,3428.224,3416.0,3409.0,3413.0,3430.0,0.37605295,0.17684183,0.23403488,-0.4391125,-0.7322719,-0.42905426,-0.1697197,-1.174936,2
154,3404.7769,3413.1902,3412.4834,3415.0696,197477.0,197965.0,197924.0,198074.0,3404.776,3413.1897,3412.4827,3415.0688,6.6221757,3.0502377,3.973841,3.8917956,62.0,57.0,53.0,41.0,3404.776,3413.1897,3412.4827,3415.0688,3404.0,3414.0,3413.0,3415.0,0.63729656,-0.4662971,-0.039751694,-1.1871554,0.84817934,-1.0022377,-1.2553339,1.363441,0
155,3403.9827,3416.7952,3404.6902,3423.7585,197431.0,198174.0,197472.0,198578.0,3403.9827,3416.7932,3404.6897,3423.7585,1.1203922,14.060644,3.4209273,0.45897737,47.0,43.0,52.0,37.0,3403.9827,3416.7932,3404.6897,3423.7585,3404.0,3416.5,3405.0,3424.0,-0.13986637,-0.24446489,0.033894587,0.33816546,0.18950701,-0.46724772,-1.219881,-0.84082437,1
156,3430.6396,3402.7935,3400.345,3435.0696,198977.0,197362.0,197220.0,199234.0,3430.638,3402.7932,3400.3447,3435.0688,13.334424,2.370987,0.9500594,4.4780025,51.0,59.0,48.0,47.0,3430.638,3402.7932,3400.3447,3435.0688,3431.0,3402.5,3400.0,3435.0,0.040295873,0.4336454,0.719328,-0.14494506,-1.1195675,-0.42199206,0.29725003,-0.73134327,2
157,3403.5178,3417.5,3408.0347,3409.3105,197404.0,198215.0,197666.0,197740.0,3403.5173,3417.5,3408.0344,3409.3103,3.1117716,1.0086207,0.998811,0.8347205,61.0,49.0,39.0,47.0,3403.5173,3417.5,3408.0344,3409.3103,3404.0,3418.0,3408.0,3409.0,-0.13234614,-0.51062423,-0.27609575,0.29836908,-1.0961878,-0.26079345,-0.30758238,-0.6959541,0
158,3408.9678,3415.2932,3417.4314,3410.2246,197720.0,198087.0,198211.0,197793.0,3408.9656,3415.2932,3417.4312,3410.224,17.24019,2.3106418,1.5555885,3.0359693,44.0,54.0,57.0,42.0,3408.9656,3415.2932,3417.4312,3410.224,3409.5,3416.0,3417.5,3411.0,-0.24440542,-0.62021,0.2635214,-0.20874907,-1.4650408,-0.4371512,-0.21254253,-1.1084625,1
159,3427.2075,3410.7249,3410.9658,3413.19,198778.0,197822.0,197836.0,197965.0,3427.2068,3410.724,3410.9656,3413.1897,3.1296074,4.6825204,1.8263971,1.0502378,39.0,41.0,39.0,50.0,3427.2068,3410.724,3410.9656,3413.1897,3427.0,3411.0,3411.0,3413.0,-0.015944216,0.040824845,-0.48238418,0.3834801,-0.5539305,-1.0387642,-0.45835304,-0.63015246,2
160,3398.622,3411.1047,3409.4148,3407.3977,197120.0,197844.0,197746.0,197629.0,3398.6206,3411.1035,3409.4138,3407.3965,8.200952,6.713436,6.966706,7.2048154,70.0,69.0,69.0,69.0,3398.6206,3411.1035,3409.4138,3407.3965,3399.0,3411.0,3409.0,3408.0,-0.07888411,-0.33401418,0.09962972,-0.13164799,-0.92840314,-1.0121093,-0.9320841,-0.9547875,0
161,3394.7424,3408.1738,3411.622,3413.6743,196895.0,197674.0,197874.0,197993.0,3394.7415,3408.1724,3411.6206,3413.6724,8.157253,9.79786,8.235435,14.634067,80.0,74.0,75.0,84.0,3394.7415,3408.1724,3411.6206,3413.6724,3394.5,3408.0,3411.0,3414.0,-0.18281087,0.2618931,0.037077963,-0.036554534,-1.3065834,-0.4885509,-1.336068,-0.80436254,1
162,3416.605,3341.1057,3422.743,3418.6274,198163.0,193784.0,198519.0,198280.0,3416.6035,3341.1035,3422.7415,3418.6206,11.928955,14.506539,10.433114,47.269924,66.0,67.0,63.0,64.0,3416.6035,3341.1035,3422.7415,3418.6206,3416.5,3341.0,3423.0,3421.0,-0.11316585,0.744133,0.23297107,-0.33392113,-0.922055,0.102249146,-0.5827253,-1.1770312,2
163,3391.431,3407.914,3404.397,3407.4316,196703.0,197659.0,197455.0,197631.0,3391.4312,3407.9138,3404.3965,3407.4312,0.5900714,0.5270511,2.5151603,4.5555887,32.0,43.0,50.0,38.0,3391.4312,3407.9138,3404.3965,3407.4312,3392.0,3408.0,3404.0,3407.0,-0.90956783,0.40286538,-0.14753781,0.82381094,0.46948504,-0.22453809,-1.3044717,-0.0050148964,0
164,3396.6387,3406.4316,3417.3625,3419.208,197005.0,197573.0,198207.0,198314.0,3396.638,3406.4312,3417.362,3419.2068,4.6792507,2.9693818,2.575803,8.405469,50.0,47.0,47.0,44.0,3396.638,3406.4312,3417.362,3419.2068,3397.0,3407.0,3417.0,3420.0,-0.60207295,-0.5809431,-0.025127152,-0.6006361,-0.2623384,-0.11723137,-0.72560453,-0.8976526,1
165,3429.2415,3412.569,3410.966,3409.9656,198896.0,197929.0,197836.0,197778.0,3429.2415,3412.5688,3410.9656,3409.9656,0.7693222,1.2452435,2.6539834,0.9643282,50.0,50.0,63.0,46.0,3429.2415,3412.5688,3410.9656,3409.9656,3429.0,3412.0,3411.0,3410.0,0.737472,0.53431916,-0.5905851,0.28727594,0.6215241,-0.43474555,-0.4726174,-0.59390473,2
166,3406.1736,3410.6565,3410.57,3413.3635,197558.0,197818.0,197813.0,197975.0,3406.1724,3410.6553,3410.5688,3413.362,7.142688,9.019024,7.8659325,10.058562,74.0,75.0,70.0,70.0,3406.1724,3410.6553,3410.5688,3413.362,3406.0,3411.0,3410.5,3413.0,-0.02214181,-0.07551965,0.10296767,0.19595794,-0.8185506,-1.0913885,-1.1666069,-0.71749234,0
167,3381.2424,3406.7947,3411.4673,3408.2595,196112.0,197594.0,197865.0,197679.0,3381.2415,3406.7932,3411.4656,3408.2585,7.976218,9.784781,10.283293,6.9503565,87.0,75.0,82.0,69.0,3381.2415,3406.7932,3411.4656,3408.2585,3381.5,3407.0,3412.0,3408.0,-0.10403186,-0.075156756,0.008416087,0.28352582,-0.9080405,-0.64634395,-1.4124955,-1.1050123,1
168,3399.0698,3406.2944,3410.2249,3412.3284,197146.0,197565.0,197793.0,197915.0,3399.0688,3406.2932,3410.224,3412.3276,6.9952435,10.75892,5.967004,4.8754463,83.0,69.0,67.0,73.0,3399.0688,3406.2932,3410.224,3412.3276,3399.0,3406.5,3410.0,3412.0,0.0094881505,-0.18729982,0.03034213,0.0432713,-0.98894405,-0.79790616,-1.2714845,-1.120786,2
169,3395.5015,3410.7942,3406.0698,3415.0356,196939.0,197826.0,197552.0,198072.0,3395.5,3410.7932,3406.0688,3415.0344,11.043103,6.750297,6.029726,7.9298463,74.0,70.0,72.0,69.0,3395.5,3410.7932,3406.0688,3415.0344,3395.0,3411.0,3406.0,3415.0,0.16772722,0.0033383707,-0.25414643,-0.07219169,-0.5421517,-1.1806614,-0.9494126,-0.9234371,0
170,3373.1213,3360.8286,3412.8975,3409.7075,195641.0,194928.0,197948.0,197763.0,3373.1206,3360.8276,3412.8965,3409.7068,4.657848,7.901308,5.472057,4.793401,63.0,63.0,78.0,75.0,3373.1206,3360.8276,3412.8965,3409.7068,3373.0,3361.0,3413.0,3409.5,0.019126097,-0.21948253,-0.16617739,0.21852826,-0.96714187,-0.39426064,-1.1306672,-0.97758627,1
171,3393.1555,3402.2104,3415.1401,3410.9316,196803.0,197328.0,198078.0,197834.0,3393.1553,3402.2068,3415.138,3410.9312,4.062128,22.64685,16.946493,5.340071,54.0,67.0,58.0,61.0,3393.1553,3402.2068,3415.138,3410.9312,3393.0,3401.0,3415.0,3411.0,0.065356,0.37828895,0.07936008,-0.2179731,-1.1530677,-0.8593159,-0.8647208,-1.1025858,2
172,3376.5364,3410.4321,3409.7769,3408.9666,195839.0,197805.0,197767.0,197720.0,3376.5344,3410.4312,3409.776,3408.9656,12.386742,8.55559,6.863556,6.8953633,84.0,72.0,73.0,67.0,3376.5344,3410.4312,3409.776,3408.9656,3376.5,3410.0,3410.0,3409.0,0.3861193,-0.05200951,0.07221217,0.037425824,-0.38217425,-0.9823952,-1.3265327,-1.1047158,0
173,3375.3804,3413.535,3410.0178,3407.0525,195772.0,197985.0,197781.0,197609.0,3375.3794,3413.5344,3410.0173,3407.0518,6.8216414,4.524673,5.120393,5.221462,69.0,68.0,59.0,66.0,3375.3794,3413.5344,3410.0173,3407.0518,3375.0,3414.0,3410.0,3407.0,0.07597035,-0.2088838,-0.07506309,-0.046287578,-0.59840226,-0.926744,-1.4296631,-0.40923095,1
174,3395.5527,3416.8975,3412.8804,3406.156,196942.0,198180.0,197947.0,197557.0,3395.5518,3416.8965,3412.8794,3406.1553,6.109393,5.4030914,8.588883,4.924197,59.0,62.0,72.0,60.0,3395.5518,3416.8965,3412.8794,3406.1553,3395.0,3417.0,3413.0,3406.5,-0.04827179,0.27371398,0.33244163,-0.3759359,-1.041103,-0.5381758,-0.30901265,-0.86853004,2
175,3394.6914,3411.5532,3405.6045,3400.7778,196892.0,197870.0,197525.0,197245.0,3394.6897,3411.5518,3405.6035,3400.776,10.9381695,9.350772,6.653092,13.622178,68.0,64.0,61.0,72.0,3394.6897,3411.5518,3405.6035,3400.776,3395.0,3411.5,3406.0,3400.5,0.12501942,-0.04309465,-0.11895437,-0.27678424,-0.9354577,-0.8732054,-1.3181362,-0.3721118,0
176,3384.4497,3411.6562,3414.9663,3414.5703,196298.0,197876.0,198068.0,198045.0,3384.4482,3411.6553,3414.9656,3414.5688,9.626636,7.2259207,4.9298453,9.555591,69.0,73.0,61.0,72.0,3384.4482,3411.6553,3414.9656,3414.5688,3384.0,3412.0,3415.0,3415.0,0.36479244,-0.36587563,-0.05114375,-0.031221954,-0.89739156,-0.7050731,-0.8947892,-0.7823405,1
177,3399.7764,3413.1042,3407.8801,3406.3972,197187.0,197960.0,197657.0,197571.0,3399.776,3413.1035,3407.8794,3406.3965,5.277349,6.1961956,5.2785378,4.997919,71.0,71.0,54.0,68.0,3399.776,3413.1035,3407.8794,3406.3965,3400.0,3413.0,3407.0,3406.5,0.30925453,-0.19189979,0.036784377,0.20150346,-0.026262522,-0.5588262,-0.80653644,-0.49236012,2
